klaeger_drug_name,okl_drug_name
AC-480,AC-480
AEE-788,AEE-788
Afatinib,AFATINIB
Alectinib,ALECTINIB
Alisertib,ALISERTIB
AMG-208,AMG-208
Apitolisib,APITOLISIB
AT-7519,AT-7519
AT-9283,AT-9283
AZD-1480,AZD-1480
AZD-5438,AZD-5438
AZD-8055,AZD-8055
Barasertib,BARASERTIB
Barasertib_HQPA,AZD-1152-HQPA
Baricitinib,BARICITINIB
BI-2536,BI-2536
BMS-387032,BMS-387032
BMS-754807,BMS-754807
BMS-777607,BMS-777607
BMS-911543,BMS-911543
Brivanib,BRIVANIB
Cabozantinib,CABOZANTINIB
Canertinib,CANERTINIB
Cediranib,CEDIRANIB
Ceritinib,CERITINIB
CP-547632,OSI-632
CP-724714,CP-724714
CUDC-101,CUDC-101
Cyc-116,CYC-116
Dabrafenib,DABRAFENIB
Dacomitinib,DACOMITINIB
Danusertib,DANUSERTIB
Dasatinib,DASATINIB
Decernotinib,DECERNOTINIB
Dovitinib,DOVITINIB
ENMD-2076,ENMD-2076
Entrectinib,ENTRECTINIB
Enzastaurin,ENZASTAURIN
Erlotinib,ERLOTINIB
Fasudil,FASUDIL
Fedratinib,FEDRATINIB
Filgotinib,FILGOTINIB
Foretinib,FORETINIB
Galunisertib,GALUNISERTIB
GDC-0994,RAVOXERTINIB
Gefitinib,GEFITINIB
GSK-1070916,GSK-1070916
GSK-690693,GSK-690693
Ibrutinib,IBRUTINIB
Imatinib,IMATINIB
JNJ-38877605,JNJ-38877605
KW-2449,KW-2449
Lapatinib,LAPATINIB
Lenvatinib,LENVATINIB
Lestaurtinib,LESTAURTINIB
Linifanib,LINIFANIB
Linsitinib,LINSITINIB
Losmapimod,LOSMAPIMOD
MGCD-265,MGCD-265
Midostaurin,MIDOSTAURIN
MK-2206,MK-2206
MK-5108,MK-5108
MLN-8054,MLN-8054
Momelotinib,MOMELOTINIB
Motesanib,MOTESANIB
Neratinib,NERATINIB
Nilotinib,NILOTINIB
Nintedanib,NINTEDANIB
NMS-1286937,ONVANSERTIB
Orantinib,ORANTINIB
OSI-930,OSI-930
Pacritinib,PACRITINIB
Pazopanib,PAZOPANIB
PD-325901,MIRDAMETINIB
PF-04217903,PF-04217903
PF-04691502,PF-04691502
PF-3758309,PF-03758309
PH-797804,PH-797804
PHA-793887,PHA-793887
Pimasertib,PIMASERTIB
Ponatinib,PONATINIB
R-406,R-406
R-547,RG-547
RAF-265,RAF-265
Rebastinib,REBASTINIB
Ro-4987655,RO-4987655
Rociletinib,ROCILETINIB
Ruboxistaurin,RUBOXISTAURIN
Sapitinib,SAPITINIB
Saracatinib,SARACATINIB
SB-1317,ZOTIRACICLIB
Selumetinib,SELUMETINIB
SGI-1776,SGI-1776
SGX-523,SGX-523
SNS-314,SNS-314
Sorafenib,SORAFENIB
SU-14813,SU-014813
Sunitinib,SUNITINIB
TAK-285,TAK-285
TAK-593,TAK-593
TAK-733,TAK-733
Talmapimod,TALMAPIMOD
Tandutinib,TANDUTINIB
Tanzisertib,TANZISERTIB
Telatinib,TELATINIB
Tepotinib,TEPOTINIB
Tivozanib,TIVOZANIB
Tofacitinib,TOFACITINIB
Tozasertib,TOZASERTIB
UCN-01,UCN-01
Vandetanib,VANDETANIB
Vatalanib,VATALANIB
Vemurafenib,VEMURAFENIB
XL-019,XL-019
Y-39983,Y-39983
