klaeger_kinase_name,entrezgene_id,uniprotswissprot,okl_kinase_name,entrez_gene_symbol
AAK1,22848,Q2M2I8,AAK1,AAK1
BMP2K,55589,Q9NSY1,BIKE,BMP2K
CAMK2D,817,Q13557,CAMK2D,CAMK2D
CAMK2G,818,Q13555,CAMK2G,CAMK2G
CAMKK2,10645,Q96RR4,CAMKK2,CAMKK2
CDK16,5127,Q00536,PCTK1,CDK16
CDK2,1017,P24941,CDK2,CDK2
CDK4,1019,P11802,CDK4,CDK4
CDK4,1019,P11802,CDK4-cyclinD1,CDK4
CDK4,1019,P11802,CDK4-cyclinD3,CDK4
CDK6,1021,Q00534,CDK6,CDK6
CDK9,1025,P50750,CDK9,CDK9
CIT,11113,O14578,CIT,CIT
CLK1,1195,P49759,CLK1,CLK1
CLK4,57396,Q9HAZ1,CLK4,CLK4
CSNK2A1,1457,P68400,CSNK2A1,CSNK2A1
CSNK2A2,1459,P19784,CSNK2A2,CSNK2A2
DYRK1A,1859,Q13627,DYRK1A,DYRK1A
EIF2AK1,27102,Q9BQI3,EIF2AK1,EIF2AK1
GAK,2580,O14976,GAK,GAK
GSK3A,2931,P49840,GSK3A,GSK3A
GSK3B,2932,P49841,GSK3B,GSK3B
ICK,22858,Q9UPZ9,ICK,ICK
IRAK1,3654,P51617,IRAK1,IRAK1
MAP4K4,9448,O95819,MAP4K4,MAP4K4
MAPK8,5599,P45983,JNK1,MAPK8
PIM1,5292,P11309,PIM1,PIM1
PRKCD,5580,Q05655,PRKCD,PRKCD
PRKD2,25865,Q9BZL6,PRKD2,PRKD2
PRKD3,23683,O94806,PRKD3,PRKD3
STK10,6793,O94804,LOK,STK10
STK16,8576,O75716,STK16,STK16
TAOK1,57551,Q7L7X3,TAOK1,TAOK1
TAOK3,51347,Q9H2K8,TAOK3,TAOK3
EGFR,1956,P00533,EGFR,EGFR
MAP2K5,5607,Q13163,MEK5,MAP2K5
DDR1,780,Q08345,DDR1,DDR1
DDR2,4921,Q16832,DDR2,DDR2
FGFR1,2260,P11362,FGFR1,FGFR1
FLT3,2322,P36888,FLT3,FLT3
FRK,2444,P42685,FRK,FRK
MAP3K11,4296,Q16584,MLK3,MAP3K11
MAP4K2,5871,Q12851,MAP4K2,MAP4K2
MAPK9,5601,P45984,JNK2,MAPK9
RET,5979,P07949,RET,RET
RPS6KA1,6195,Q15418,RSK1(Kin.Dom.1-N-terminal),RPS6KA1
RPS6KA1,6195,Q15418,RSK1(Kin.Dom.2-C-terminal),RPS6KA1
RPS6KA3,6197,P51812,RSK2(Kin.Dom.1-N-terminal),RPS6KA3
RPS6KA3,6197,P51812,RSK2(Kin.Dom.2-C-terminal),RPS6KA3
RPS6KA6,27330,Q9UK32,RSK4(Kin.Dom.1-N-terminal),RPS6KA6
RPS6KA6,27330,Q9UK32,RSK4(Kin.Dom.2-C-terminal),RPS6KA6
TNK1,8711,Q13470,TNK1,TNK1
ABL1,25,P00519,ABL1-nonphosphorylated,ABL1
ABL1,25,P00519,ABL1-phosphorylated,ABL1
ABL2,27,P42684,ABL2,ABL2
ACVR1,90,Q04771,ACVR1,ACVR1
EPHB4,2050,P54760,EPHB4,EPHB4
LIMK1,3984,P53667,LIMK1,LIMK1
LIMK2,3985,P53671,LIMK2,LIMK2
MAP3K4,4216,Q9Y6R4,MAP3K4,MAP3K4
MAP4K5,11183,Q9Y4K4,MAP4K5,MAP4K5
NEK3,4752,P51956,NEK3,NEK3
PDGFRB,5159,P09619,PDGFRB,PDGFRB
SIK2,23235,Q9H0K1,SIK2,SIK2
SLK,9748,Q9H2G2,SLK,SLK
TNK2,10188,Q07912,TNK2,TNK2
WEE1,7465,P30291,WEE1,WEE1
YES1,7525,P07947,YES,YES1
BMPR1B,658,O00238,BMPR1B,BMPR1B
CSNK1E,1454,P49674,CSNK1E,CSNK1E
HCK,3055,P08631,HCK,HCK
IGF1R,3480,P08069,IGF1R,IGF1R
INSR,3643,P06213,INSR,INSR
LATS1,9113,O95835,LATS1,LATS1
LYN,4067,P07948,LYN,LYN
MAP2K1,5604,Q02750,MEK1,MAP2K1
MAP2K2,5605,P36507,MEK2,MAP2K2
PTK6,5753,Q13882,BRK,PTK6
RIPK2,8767,O43353,RIPK2,RIPK2
RIPK3,11035,Q9Y572,RIPK3,RIPK3
ROCK2,9475,O75116,ROCK2,ROCK2
SRC,6714,P12931,SRC,SRC
STK4,6789,Q13043,MST1,STK4
MAPK11,5600,Q15759,p38-beta,MAPK11
MAPK14,1432,Q16539,p38-alpha,MAPK14
MAPKAPK2,9261,P49137,MAPKAPK2,MAPKAPK2
MET,4233,P08581,MET,MET
MYLK,4638,Q15746,MYLK,MYLK
PHKG2,5261,P15735,PHKG2,PHKG2
CLK2,1196,P49760,CLK2,CLK2
CLK3,1198,P49761,CLK3,CLK3
CSNK1G2,1455,P78368,CSNK1G2,CSNK1G2
EPHA1,2041,P21709,EPHA1,EPHA1
FER,2241,P16591,FER,FER
AURKA,6790,O14965,AURKA,AURKA
AURKB,9212,Q96GD4,AURKB,AURKB
EPHA2,1969,P29317,EPHA2,EPHA2
EPHA4,2043,P54764,EPHA4,EPHA4
PDPK1,5170,O15530,PDPK1,PDPK1
PLK4,10733,O00444,PLK4,PLK4
PTK2,5747,Q05397,FAK,PTK2
CAMK4,814,Q16566,CAMK4,CAMK4
CDC42BPA,8476,Q5VT25,MRCKA,CDC42BPA
CDC42BPB,9578,Q9Y5S2,MRCKB,CDC42BPB
CDK1,983,P06493,CDK1,CDK1
CDK12,51755,Q9NYV4,CDK12,CDK12
CDK13,8621,Q14004,CDC2L5,CDK13
CDK17,5128,Q00537,PCTK2,CDK17
CDK5,1020,Q00535,CDK5,CDK5
CDK7,1022,P50613,CDK7,CDK7
PIP4K2C,79837,Q8TBX8,PIP5K2C,PIP4K2C
PKN1,5585,Q16512,PKN1,PKN1
TBK1,29110,Q9UHD2,TBK1,TBK1
TYK2,7297,P29597,TYK2(JH1domain-catalytic),TYK2
BRAF,673,P15056,BRAF,BRAF
FES,2242,P07332,FES,FES
MAP3K2,10746,Q9Y2U5,MAP3K2,MAP3K2
MAP3K3,4215,Q99759,MAP3K3,MAP3K3
MAP3K5,4217,Q99683,ASK1,MAP3K5
NEK1,4750,Q96PY6,NEK1,NEK1
RPS6KA4,8986,O75676,RPS6KA4(Kin.Dom.1-N-terminal),RPS6KA4
RPS6KA4,8986,O75676,RPS6KA4(Kin.Dom.2-C-terminal),RPS6KA4
RPS6KA5,9252,O75582,RPS6KA5(Kin.Dom.1-N-terminal),RPS6KA5
RPS6KA5,9252,O75582,RPS6KA5(Kin.Dom.2-C-terminal),RPS6KA5
STK26,51765,Q9P289,MST4,MST4
ULK1,8408,O75385,ULK1,ULK1
BTK,695,Q06187,BTK,BTK
JAK1,3716,P23458,JAK1(JH1domain-catalytic),JAK1
PAK4,10298,O96013,PAK4,PAK4
TEC,7006,P42680,TEC,TEC
ULK3,25989,Q6PHR2,ULK3,ULK3
EPHB3,2049,P54753,EPHB3,EPHB3
ERN1,2081,O75460,ERN1,ERN1
FYN,2534,P06241,FYN,FYN
LCK,3932,P06239,LCK,LCK
PTK2B,2185,Q14289,PYK2,PTK2B
PKN2,5586,Q16513,PKN2,PKN2
PRKACA,5566,P17612,PKAC-alpha,PRKACA
PRKACB,5567,P22694,PKAC-beta,PRKACB
ROCK1,6093,Q13464,ROCK1,ROCK1
MAPK7,5598,Q13164,ERK5,MAPK7
TAOK2,9344,Q9UL54,TAOK2,TAOK2
ACVR1B,91,P36896,ACVR1B,ACVR1B
ACVRL1,94,P37023,ACVRL1,ACVRL1
BMPR1A,657,P36894,BMPR1A,BMPR1A
BMPR2,659,Q13873,BMPR2,BMPR2
BUB1,699,O43683,BUB1,BUB1
CDK10,8558,Q15131,CDK10,CDK10
CHEK1,1111,O14757,CHEK1,CHEK1
CSK,1445,P41240,CSK,CSK
EPHA7,2045,Q15375,EPHA7,EPHA7
FGR,2268,P09769,FGR,FGR
IKBKE,9641,Q14164,IKK-epsilon,IKBKE
MAP2K6,5608,P52564,MEK6,MAP2K6
MAP3K1,4214,Q13233,MAP3K1,MAP3K1
MAP4K1,11184,Q92918,HPK1,MAP4K1
MAPK10,5602,P53779,JNK3,MAPK10
MAPKAPK5,8550,Q8IW41,MAPKAPK5,MAPKAPK5
MARK2,2011,Q7KZI7,MARK2,MARK2
MARK3,4140,P27448,MARK3,MARK3
MELK,9833,Q14680,MELK,MELK
MYLK3,91807,Q32MK0,MLCK,MYLK3
NEK9,91754,Q8TD19,NEK9,NEK9
PAK6,56924,Q9NQU5,PAK6,PAK6
PRKAA1,5562,Q13131,AMPK-alpha1,PRKAA1
RPS6KB1,6198,P23443,S6K1,RPS6KB1
SIK3,23387,Q9Y2K2,QSK,KIAA0999
SYK,6850,P43405,SYK,SYK
TGFBR1,7046,P36897,TGFBR1,TGFBR1
TGFBR2,7048,P37173,TGFBR2,TGFBR2
TNIK,23043,Q9UKE5,TNIK,TNIK
CDK3,1018,Q00526,CDK3,CDK3
STK11,6794,Q15831,LKB1,STK11
STK3,6788,Q13188,MST2,STK3
MAP4K3,8491,Q8IVH8,MAP4K3,MAP4K3
NTRK1,4914,P04629,TRKA,NTRK1
AKT1,207,P31749,AKT1,AKT1
AKT2,208,P31751,AKT2,AKT2
PRKCQ,5588,Q04759,PRKCQ,PRKCQ
PRKG1,5592,Q13976,PRKG1,PRKG1
CSNK1A1,1452,P48729,CSNK1A1,CSNK1A1
CSNK1D,1453,P48730,CSNK1D,CSNK1D
IRAK3,11213,Q9Y616,IRAK3,IRAK3
ACVR2B,93,Q13705,ACVR2B,ACVR2B
IRAK4,51135,Q9NWZ3,IRAK4,IRAK4
JAK2,3717,O60674,JAK2(JH1domain-catalytic),JAK2
MARK4,57787,Q96L34,MARK4,MARK4
EPHA5,2044,P54756,EPHA5,EPHA5
EPHB2,2048,P29323,EPHB2,EPHB2
MST1R,4486,Q04912,MST1R,MST1R
CSNK1G1,53944,Q9HCP0,CSNK1G1,CSNK1G1
CDKL5,6792,O76039,CDKL5,CDKL5
PKMYT1,9088,Q99640,PKMYT1,PKMYT1
PRKCI,5584,P41743,PRKCI,PRKCI
STK24,8428,Q9Y6E0,MST3,STK24
NUAK2,81788,Q9H093,SNARK,NUAK2
CSNK1G3,1456,Q9Y6M4,CSNK1G3,CSNK1G3
MAP2K3,5606,P46734,MEK3,MAP2K3
MAP3K6,9064,O95382,ASK2,MAP3K6
TESK1,7016,Q15569,TESK1,TESK1
ALK,238,Q9UM73,ALK,ALK
MINK1,50488,Q8N4C8,MINK,MINK1
TTK,7272,P33981,TTK,TTK
CDK18,5129,Q07002,PCTK3,CDK18
KIT,3815,P10721,KIT,KIT
NLK,51701,Q9UBE8,NLK,NLK
DYRK1B,9149,Q9Y463,DYRK1B,DYRK1B
CAMK1G,57172,Q96NX5,CAMK1G,CAMK1G
MAPK1,5594,P28482,ERK2,MAPK1
MAPK3,5595,P27361,ERK1,MAPK3
MAPK15,225689,Q8TD08,ERK8,MAPK15
NEK2,4751,P51955,NEK2,NEK2
AKT3,10000,Q9Y243,AKT3,AKT3
NEK7,140609,Q8TDX7,NEK7,NEK7
STK39,27347,Q9UEW8,STK39,STK39
MERTK,10461,Q12866,MERTK,MERTK
STK38L,23012,Q9Y2H1,NDR2,STK38L
PAK2,5062,Q13177,PAK2,PAK2
MAP2K4,6416,P45985,MEK4,MAP2K4
PRKX,5613,P51817,PRKX,PRKX
CDC42BPG,55561,Q6DT37,DMPK2,CDC42BPG
PRKCE,5581,Q02156,PRKCE,PRKCE
PLK1,5347,P53350,PLK1,PLK1
STK38,11329,Q15208,NDR1,STK38
PIM2,11040,Q9P1W9,PIM2,PIM2
